{"1": 0.6427974700927734, "2": 0.465652734041214}