{"1": 0.6712474822998047, "2": 0.4893563985824585}