{"1": 0.685632586479187, "2": 0.47568467259407043}