{"1": 0.6940825581550598, "2": 0.4882790148258209}