{"1": 0.6374242305755615, "2": 0.4807611107826233}