{"1": 0.649564266204834, "2": 0.4851717948913574}