{"1": 0.6903486251831055, "2": 0.4942638874053955}